t,k,L,epsilon,dkdt,residual
0.0,1.0,0.1,5.999999999999999,-6.000000000000003,-3.552713678800501e-15
0.008347245409015025,0.9499165275459098,0.10172745635916101,5.460610892554233,-5.7303054462771215,-0.2696945537228883
0.01669449081803005,0.904335468342619,0.10340863653098362,4.989864873770776,-5.225237883162514,-0.2353730093917381
0.025041736227045072,0.8626838416834306,0.10504678828902624,4.576631728196114,-4.783248300983445,-0.2066165727873308
0.0333889816360601,0.8244815735014931,0.10664479948668272,4.211947985312104,-4.394289856754106,-0.1823418714420022
0.041736227045075125,0.7893234100180866,0.10820525151417715,3.888529398485531,-4.050238691898819,-0.16170929341328844
0.050083472454090144,0.7568649008487582,0.10973046294972781,3.600406915846043,-3.744468157165791,-0.14406124131974796
0.05843071786310517,0.7268114207498764,0.11122252552066181,3.3426515959406014,-3.471529255893323,-0.1288776599527215
0.0667779632721202,0.6989094875617244,0.11268333397029465,3.1111644405446834,-3.2269080182426464,-0.11574357769796295
0.07512520868113522,0.672939834468697,0.11411461104869608,2.9025141894319706,-3.0068393149883335,-0.10432512555636286
0.08347245409015025,0.64871183622636,0.11551792856742371,2.713810951809559,-2.808162570620752,-0.09435161881119303
0.09181969949916527,0.626058990217933,0.11689472525109976,2.5426068955195937,-2.6282089236645803,-0.08560202814498652
0.10016694490818029,0.6048352264823771,0.11824632196252963,2.3868175648154386,-2.464712230167528,-0.07789466535208955
0.10851419031719532,0.584911874522315,0.11957393475911084,2.244659067960079,-2.3157383163877583,-0.07107924842767943
0.11686143572621034,0.5661751544224812,0.12087868614679807,2.1145975772035333,-2.179628322581806,-0.06503074537827258
0.12520868113522537,0.5485240895042548,0.12216161482689569,1.995308456969879,-2.054953017086696,-0.05964456011681696
0.1335559265442404,0.5318687601472442,0.1234236841753879,1.8856429773173427,-1.9404757171436096,-0.05483273982626691
0.1419031719532554,0.5161288354617906,0.12466578965069006,1.784601045045541,-1.8351220111814435,-0.05052096613590251
0.15025041736227043,0.5012323325816107,0.12588876529087886,1.6913087402814244,-1.7379548926634847,-0.04664615238206027
0.15859766277128548,0.4871145634640696,0.12709338943359283,1.6049997144283492,-1.6481542273548833,-0.04315451292653405
0.1669449081803005,0.47371723696633716,0.12828038976935105,1.524999709099552,-1.5649997117639494,-0.040000002664397405
0.17529215358931552,0.4609876901458067,0.12945044782085172,1.4507136116651087,-1.4878566603823309,-0.03714304871722218
0.18363939899833054,0.4488782276110395,0.13060420292598843,1.38161458334465,-1.4161640975048826,-0.03454951416023255
0.19198664440734556,0.43734555162318767,0.1317422557901734,1.3172348891685746,-1.3494247362566156,-0.03218984708804107
0.20033388981636058,0.42635026874198084,0.1328651716635497,1.2571581320888565,-1.2871965106287142,-0.03003837853985769
0.20868113522537562,0.41585646129549625,0.13397348319038768,1.2010126508606966,-1.2290853914747757,-0.02807274061407905
0.21702838063439064,0.40583131395943034,0.13506769297107066,1.1484658866401707,-1.1747392687504359,-0.026273382110265198
0.22537562604340566,0.3962447873597628,0.13614827587131573,1.0992195592646685,-1.1238427229524213,-0.024623163687752747
0.23372287145242068,0.3870693319401913,0.13721568110844581,1.0530055229607964,-1.0761125411127352,-0.02310701815193883
0.2420701168614357,0.3782796364229893,0.13827033414045836,1.0095821943296812,-1.0312938586452383,-0.021711664315557044
0.25041736227045075,0.36985240608634756,0.13931263838019495,0.9687314640987416,-0.9891568292142097,-0.020425365115468108
0.25876460767946574,0.36176616682008095,0.14034297675399435,0.9302560192337805,-0.9494937416662594,-0.0192377224324789
0.2671118530884808,0.3540010915343232,0.1413617131217233,0.8939770142992784,-0.9121165167665275,-0.018139502467249047
0.27545909849749584,0.3465388460059486,0.14236919357295225,0.8597320410029321,-0.8768545276511048,-0.01712248664817273
0.2838063439065108,0.33936245167370377,0.14336574761221973,0.8273733531060398,-0.8435526970544842,-0.016179343948444447
0.2921535893155259,0.332456163250448,0.14435168924476016,0.7967663106737533,-0.8120698318899002,-0.015303521216146976
0.30050083472454087,0.3258053593216187,0.1453273179727168,0.7677880132553243,-0.7822771619645401,-0.014489148709215804
0.3088480801335559,0.3193964443528764,0.1462929197106907,0.7403260962445517,-0.7540570547499357,-0.013730958505383972
0.31719532554257096,0.3132167607448251,0.1472487676284606,0.7142776685506909,-0.7273018823976187,-0.013024213846927868
0.32554257095158595,0.30725450975525337,0.14819512292782547,0.6895483729513854,-0.7019130207510393,-0.01236464779965396
0.333889816360601,0.3014986802648411,0.14913223555975036,0.6660515532154938,-0.6777999630834444,-0.01174840986795056
0.342237061769616,0.29593898449509576,0.15006034488732292,0.6437075143670634,-0.6548795337912807,-0.011172019424217305
0.35058430717863104,0.2905657999010468,0.15097968029943776,0.6224428643868357,-0.6330751893769495,-0.010632324990113795
0.3589315525876461,0.28537011655891964,0.1518904617796065,0.6021899272754322,-0.6123163958311331,-0.010126468555700874
0.3672787979966611,0.2803434894531147,0.15279290043383614,0.5828862187825006,-0.5925380730289653,-0.009651854246464753
0.3756260434056761,0.27547799513940435,0.1536871989811149,0.5644739772794257,-0.573680098030966,-0.009206120751540259
0.3839732888146911,0.2707661923240502,0.15457355220968852,0.5468997432532893,-0.5556868602663592,-0.00878711701306989
0.39232053422370616,0.2662010859529877,0.1554521474019958,0.5301139817543354,-0.5385068625038123,-0.008392880749476861
0.40066777963272115,0.26177609445253414,0.15632316473085175,0.5140707428612005,-0.5220923623077702,-0.008021619446569761
0.4090150250417362,0.257485019804277,0.15718677762921707,0.49872735585666456,-0.5063990493589312,-0.007671693502266652
0.41736227045075125,0.2533220201727523,0.15804315313567338,0.4840441533475361,-0.491385754602101,-0.0073416012545649
0.42570951585976624,0.2492815848359615,0.15889245221752346,0.4699842220287676,-0.47701418768815174,-0.00702996565938413
0.4340567612687813,0.24535851119632238,0.1597348300732604,0.4565131771950822,-0.46324869961192405,-0.006735522416841833
0.4424040066777963,0.24154788367382587,0.16057043641599128,0.44359895845261116,-0.4500560678238461,-0.006457109371234948
0.4507512520868113,0.23784505430443847,0.16139941573925834,0.4312116443861305,-0.4374053014193695,-0.006193657033238986
0.4590984974958264,0.23424562488552253,0.1622219075665742,0.41932328420104736,-0.4252674642935901,-0.005944180092542717
0.46744574290484137,0.23074543052658222,0.16303804668587202,0.4079077445889331,-0.41361551439499245,-0.00570776980605936
0.4757929883138564,0.22734052447826059,0.163847963369969,0.3969405702658519,-0.4024241574273919,-0.005483587161540016
0.4841402337228714,0.22402716412545715,0.1646517835840483,0.386398856808034,-0.3916697135369436,-0.00527085672890959
0.49248747913188645,0.22080179804191763,0.16544962918107955,0.3762611345630086,-0.38132999568552073,-0.005068861122512147
0.5008347245409015,0.21766105401384578,0.1662416180860233,0.36650726254908145,-0.3713841985560453,-0.004876936006963872
0.5091819699499165,0.2146017279491623,0.16702786446959464,0.35711833137449356,-0.3618127969617895,-0.004694465587295915
0.5175292153589315,0.21162077359712145,0.16780847891229925,0.3480765743119088,-0.35259745284320054,-0.004520878531291739
0.5258764607679466,0.2087152930102107,0.1685835685593981,0.3393652857558482,-0.3437209300338768,-0.0043556442780286475
0.5342237061769616,0.20588252768670612,0.16935323726740553,0.3309687463719325,-0.33516701606389,-0.004198269691957468
0.5425709515859766,0.20311985033802554,0.1701175857426785,0.3228721543186549,-0.3269204503452947,-0.004048296026639808
0.5509181969949917,0.20042475723019035,0.1708767116726113,0.3150615619860668,-0.31896685815236125,-0.0039052961662944807
0.5592654424040067,0.19779486105334504,0.17163070984991194,0.30752381775223814,-0.3112926898691555,-0.0037688721169173434
0.5676126878130217,0.1952278842774499,0.1723796722904001,0.3002465123085277,-0.3038851650303833,-0.0036386527218555953
0.5759599332220366,0.19272165295600976,0.17312368834473346,0.2932179291493371,-0.2967322207289307,-0.003514291579593598
0.5843071786310517,0.19027409094307707,0.17386284480444053,0.286426998861788,-0.289822464005562,-0.003395465143773979
0.5926544240400667,0.18788321449181006,0.1745972260026096,0.27986325688623076,-0.28314512787400936,-0.003281870987778601
0.6010016694490817,0.18554712720561448,0.17532691390955873,0.2735168044501721,-0.27669003066820075,-0.003173226218028624
0.6093489148580968,0.1832640153153793,0.17605198822378876,0.26737827240654155,-0.2704475384283569,-0.0030692660218153422
0.6176961602671118,0.18103214325856343,0.17677252645849997,0.26143878773257967,-0.2644085300695629,-0.0029697423369832165
0.6260434056761268,0.1788498495379242,0.17748860402393338,0.2556899424683742,-0.25856436510047587,-0.002874422632101692
0.6343906510851419,0.17671554283952376,0.17820029430577997,0.2501237648944718,-0.25290685368142185,-0.00278308878695005
0.6427378964941569,0.17462769839132283,0.1789076687398846,0.24473269276633755,-0.2474282288304046,-0.0026955360640670556
0.6510851419031719,0.17258485454519315,0.17961079688345563,0.23950954843992278,-0.24212112060313196,-0.002611572163209175
0.6594323873121869,0.17058560956656274,0.18030974648297815,0.2344475157374603,-0.23697853208869013,-0.00253101635122982
0.667779632721202,0.16862861861716824,0.18100458353901433,0.22954011841599384,-0.23199381707672728,-0.0024536986607334443
0.676126878130217,0.16671259091753557,0.1816953723680636,0.22478120011323574,-0.22716065926461582,-0.0023794591513800756
0.684474123539232,0.16483628707685746,0.18238217566164405,0.22016490565626046,-0.22247305288474628,-0.002308147228485824
0.6928213689482471,0.16299851657889203,0.18306505454274477,0.21568566362841815,-0.21792528464233918,-0.002239621013921028
0.7011686143572621,0.16119813541337935,0.18374406861979178,0.21133817009878356,-0.21351191686360238,-0.0021737467648188236
0.7095158597662771,0.15943404384327264,0.18441927603825856,0.20711737342655837,-0.20922777176266827,-0.0021103983361099032
0.7178631051752922,0.15770518429881056,0.18509073353004624,0.20301846006018248,-0.20506791674336888,-0.0020494566831864014
0.7262103505843072,0.1560105393901279,0.18575849646074946,0.19903684125758128,-0.20102765065888306,-0.0019908094013017796
0.7345575959933222,0.1543491300307157,0.18642261887491735,0.1951681406600309,-0.19710249095880528,-0.0019343502987743677
0.7429048414023371,0.15272001366460528,0.18708315353941243,0.19140818265763174,-0.19328816165883111,-0.0018799790011993778
0.7512520868113522,0.15112228259066846,0.187740151984964,0.18775298148939695,-0.18958058207351414,-0.0018276005841171838
0.7595993322203672,0.1495550623779022,0.18839366454600673,0.18419873102552903,-0.18597585625746405,-0.0017771252319350173
0.7679465776293822,0.14801751036600297,0.1890437403988903,0.18074179518362493,-0.1824702631045767,-0.0017284679209517706
0.7762938230383973,0.1465088142459393,0.18969042759854016,0.17737869893434954,-0.17906024705898815,-0.00168154812463861
0.7846410684474123,0.1450281907156025,0.1903337731136456,0.17410611985559196,-0.17574240939497265,-0.001636289539380692
0.7929883138564273,0.1435748842059565,0.19097382286044656,0.17092088019728943,-0.17251350002644195,-0.001592619829152514
0.8013355592654423,0.14214816567342486,0.19161062173518648,0.16781993942201043,-0.16937040980964824,-0.001550470387637809
0.8096828046744574,0.1407473314545433,0.19224421364529518,0.1648003871890434,-0.16631016330552661,-0.0015097761164832024
0.8180300500834724,0.13937170217917566,0.19287464153936146,0.1618594367521749,-0.1633299119706102,-0.0014704752184352965
0.8263772954924874,0.1380206217388403,0.19350194743595253,0.15899441874357262,-0.16042692774787426,-0.0014325090043016409
0.8347245409015025,0.136693456306924,0.19412617245133376,0.15620277531823792,-0.15759859703090662,-0.0013958217126686934
0.8430717863105175,0.13538959340777343,0.19474735682613944,0.15348205463537434,-0.15484241497680706,-0.0013603603414327203
0.8514190317195325,0.1341084410318521,0.19536553995104275,0.15082990565474616,-0.1521559801450607,-0.0013260744903145494
0.8597662771285476,0.13284942679433334,0.19598076039147005,0.14824407322769162,-0.14953698944121907,-0.0012929162135274508
0.8681135225375626,0.1316119971346698,0.1965930559114029,0.1457223934639185,-0.14698323334580543,-0.0012608398818869382
0.8764607679465776,0.13039561655483745,0.1972024634963082,0.1432627893565547,-0.14449259141023596,-0.001229802053681256
0.8848080133555926,0.12919976689409826,0.1978090193752352,0.14086326664917123,-0.14206302800286164,-0.001199761353690404
0.8931552587646077,0.1280239466382621,0.19841275904211608,0.13852190992963426,-0.13969258828940223,-0.0011706783597679737
0.9015025041736227,0.126867670261554,0.19901371727630465,0.1362368789367043,-0.13737939443316893,-0.00114251549646463
0.9098497495826376,0.12573046759931106,0.19961192816238627,0.13400640506627012,-0.13512164200148558,-0.0011152369352154523
0.9181969949916527,0.12461188324984303,0.2002074251092902,0.1318287880650093,-0.1329175965656395,-0.0010888085006302006
0.9265442404006677,0.12351147600389137,0.20080024086873427,0.12970239290009744,-0.13076559048255465,-0.0010631975824572093
0.9348914858096827,0.12242881830021776,0.20139040755302967,0.1276256467943581,-0.12866401984722664,-0.001038373052868552
0.9432387312186978,0.12136349570594099,0.20197795665227317,0.12559703641695985,-0.1266113416056589,-0.0010143051886990495
0.9515859766277128,0.12031510642032363,0.20256291905095217,0.12361510522042322,-0.12460607081869224,-0.000990965598269014
0.9599332220367278,0.11928326080078754,0.20314532504398652,0.12167845091531489,-0.12264677806787017,-0.0009683271525552789
0.9682804674457428,0.11826758091000861,0.2037252043522307,0.11978572307457136,-0.1207320869949422,-0.0009463639203708407
0.9766277128547579,0.11726770008300885,0.20430258613745805,0.11793562085992032,-0.11886067196724515,-0.0009250511073248258
0.9849749582637729,0.11628326251322654,0.20487749901684785,0.11612689086335608,-0.11703125586163843,-0.0009043649982823504
0.9933222036727879,0.1153139228566042,0.2054499710769957,0.1143583250570787,-0.11524260796021668,-0.0008842829031379812
1.001669449081803,0.11435934585278885,0.20602002988746573,0.11262875884572669,-0.11349354195140293,-0.0008647831056762395
1.010016694490818,0.11341920596259081,0.206587702513903,0.11093706921512522,-0.11178291403042717,-0.0008458448153019493
1.018363939899833,0.11249318702089527,0.20715301553072304,0.10928217297213542,-0.1101096210936312,-0.0008274481214957802
1.026711185308848,0.11158098190426642,0.20771599503339594,0.10766302507052927,-0.10847259902133288,-0.0008095739508036104
1.035058430717863,0.11068229221252578,0.20827666665033914,0.10607861701812951,-0.10687082104432921,-0.0007922040261996999
1.0434056761268782,0.10979682796362653,0.20883505555443566,0.10452797536074883,-0.10530329618943757,-0.0007753208286887386
1.0517529215358932,0.10892430730118288,0.2093911864741909,0.1030101602387344,-0.10376906779974249,-0.0007589075610080903
1.0601001669449082,0.1080644562140482,0.20994508370454223,0.10152426401218195,-0.10226721212545886,-0.0007429481132769089
1.0684474123539232,0.10721700826736888,0.2104967711173344,0.10006940995111896,-0.10079683698165098,-0.0007274270305320241
1.0767946577629381,0.10638170434457156,0.21104627217147293,0.09864475098718063,-0.09935708046915082,-0.0007123294819701836
1.0851419031719531,0.10555829239977038,0.21159360992276835,0.09724946852350899,-0.09794710975534571,-0.0006976412318367153
1.0934891485809681,0.10474652722010837,0.21213880703348148,0.09588277129980025,-0.09656611991165409,-0.0006833486118538457
1.1018363939899833,0.10394617019757248,0.21268188578158176,0.09454389430960525,-0.09521333280470223,-0.0006694384950969856
1.1101836393989983,0.10315698910984622,0.2132228680697285,0.09323209776715921,-0.09388799603838294,-0.000655898271223726
1.1185308848080133,0.10237875790978646,0.21376177543398542,0.09194666612117398,-0.09258938194416722,-0.0006427158229932312
1.1268781302170283,0.10161125652313224,0.2142986290522776,0.09068690711317505,-0.0913167866171749,-0.0006298795039998556
1.1352253756260433,0.10085427065407403,0.2148334497526009,0.08945215087810417,-0.09006952899563991,-0.0006173781175357468
1.1435726210350583,0.10010759159833026,0.21536625802099163,0.08824174908503907,-0.08884694998157183,-0.0006052008965327649
1.1519198664440733,0.09937101606339671,0.21589707400926567,0.08705507411600281,-0.08764841160051962,-0.000593337484516801
1.1602671118530885,0.09864434599565045,0.21642591754253482,0.0858915182809506,-0.08647329619847532,-0.0005817779175247284
1.1686143572621035,0.09792738841400644,0.2169528081265082,0.08475049306712787,-0.08532100567404033,-0.00057051260691246
1.1769616026711185,0.0972199552498401,0.21747776495458607,0.0836314284210955,-0.08419096074411136,-0.0005595323230158655
1.1853088480801335,0.09652186319290275,0.21800080691475354,0.08253377206181065,-0.08308260024145309,-0.000548828179642441
1.1936560934891485,0.09583293354297111,0.2185219525962805,0.08145698882324215,-0.0819953804425273,-0.0005383916192851501
1.2020033388981635,0.0951529920669841,0.2190412202962346,0.0804005600250812,-0.08092877442416224,-0.0005282143990810451
1.2103505843071787,0.0944818688614325,0.21955862802581402,0.07936398287018682,-0.07988227144763282,-0.0005182885774459994
1.2186978297161937,0.0938193982197782,0.22007419351650517,0.07834676986747956,-0.07885537636883377,-0.0005086065013542168
1.2270450751252087,0.09316541850469072,0.22058793422607212,0.07734844827906506,-0.07784760907327204,-0.0004991607942069765
1.2353923205342237,0.09251977202489886,0.22109986734438256,0.07636855959043529,-0.07685850393474958,-0.0004899443443142915
1.2437395659432386,0.09188230491646451,0.22161000979907639,0.07540665900265531,-0.07588760929654548,-0.00048095029389016997
1.2520868113522536,0.09125286702829544,0.22211837826108138,0.07446231494550222,-0.07493448697407956,-0.00047217202857734175
1.2604340567612686,0.09063131181172196,0.22262498914998158,0.07353510861057622,-0.07399871177803874,-0.00046360316746252295
1.2687813021702838,0.09001749621397091,0.22312985863924262,0.07262463350345554,-0.07307987105701486,-0.0004552375535593206
1.2771285475792988,0.0894112805753778,0.22363300266129912,0.07173049501401456,-0.07217756425873478,-0.0004470692447202246
1.2854757929883138,0.08881252853018569,0.2241344369125081,0.07085231000407097,-0.07129140250904342,-0.0004390925049724548
1.2938230383973288,0.08822110691078609,0.22463417685797293,0.06998970641156896,-0.07042100820782071,-0.000431301796251754
1.3021702838063438,0.08763688565526381,0.2251322377362421,0.06914232287054749,-0.06956601464105905,-0.00042369177051156115
1.3105175292153588,0.087059737718114,0.22562863456388618,0.06830980834618004,-0.0687260656083648,-0.0004162572621847632
1.3188647746243738,0.08648953898400565,0.22612338213995734,0.06749182178420819,-0.06790081506519385,-0.0004089932809856617
1.327212020033389,0.08592616818447135,0.22661649505033482,0.06668803177412559,-0.06708992677916648,-0.0004018950050408837
1.335559265442404,0.08536950681740853,0.22710798767196017,0.06589811622550114,-0.06629307399981332,-0.00039495777431218515
1.343906510851419,0.08481943906928248,0.22759787417696498,0.06512176205686021,-0.06550993914118042,-0.00038817708432020703
1.352253756260434,0.08427585173992638,0.22808616853669533,0.06435866489657162,-0.06474021347671677,-0.0003815485801451496
1.360601001669449,0.08373863416983814,0.22857288452563526,0.06360852879521522,-0.06398359684589394,-0.0003750680506787174
1.368948247078464,0.08320767816987808,0.22905803572523298,0.06287106594893051,-0.06323979737207264,-0.0003687314231421296
1.377295492487479,0.08268287795327599,0.22954163552763207,0.062145996433271025,-0.06250853119109934,-0.0003625347578283117
1.3856427378964942,0.0821641300698597,0.23002369713931148,0.06143304794711225,-0.06178952219019074,-0.00035647424307849035
1.3939899833055092,0.08165133334242138,0.23050423358463573,0.06073195556618248,-0.061082501756647645,-0.00035054619046516466
1.4023372287145242,0.08114438880514105,0.23098325770931952,0.06004246150580654,-0.06038720853599422,-0.00034474703018767816
1.4106844741235391,0.08064319964399075,0.23146078218380775,0.059364314892472306,-0.05970338819913934,-0.0003390733066670343
1.4190317195325541,0.08014767113904524,0.2319368195065746,0.05869727154384746,-0.059030793218160404,-0.0003335216743129421
1.4273789649415691,0.07965771060862915,0.23241138200734351,0.0580410937568927,-0.05836918265036939,-0.0003280888934766857
1.4357262103505843,0.07917322735523272,0.23288448185023025,0.057395550103732935,-0.05771832193031212,-0.0003227718265791865
1.4440734557595993,0.07869413261313143,0.23335613103681171,0.056760415234964806,-0.05707798266934905,-0.0003175674343842416
1.4524207011686143,0.07822033949764759,0.2338263414091221,0.05613546969009329,-0.05644794246252971,-0.0003124727724364215
1.4607679465776293,0.07775176295599405,0.2342951246525791,0.055520499714804,-0.05582798470244921,-0.00030748498764520543
1.4691151919866443,0.07728831971964344,0.23476249229884152,0.05491529708479229,-0.05521789839979885,-0.00030260131500655513
1.4774624373956593,0.0768299282581677,0.2352284557286006,0.05431965893588192,-0.05461747801033745,-0.0002978190744555298
1.4858096828046743,0.0763765087344959,0.23569302617430696,0.05373338760017869,-0.05402652326802926,-0.00029313566785056644
1.4941569282136895,0.07592798296153949,0.23615621472283463,0.05315629044801621,-0.05344483902409536,-0.00028854857607914924
1.5025041736227045,0.07548427436013702,0.23661803231808443,0.05258817973546109,-0.052872235091737885,-0.00028405535627679807
1.5108514190317195,0.07504530791827174,0.23707848976352774,0.052028872457156455,-0.05230852609630876,-0.00027965363915230523
1.5191986644407345,0.07461101015151751,0.23753759772469304,0.051478190204291105,-0.05175353133072491,-0.00027534112643380626
1.5275459098497495,0.07418130906467034,0.237995366731596,0.050935959027492525,-0.0512070746158928,-0.0002711155884002753
1.5358931552587645,0.07375613411452432,0.23845180718111547,0.05040200930444957,-0.050668984165970876,-0.00026697486152130884
1.5442404006677795,0.07333541617375262,0.23890692933931612,0.049876175612080305,-0.05013909245826387,-0.00026291684618356265
1.5525876460767947,0.07291908749585546,0.23936074334371973,0.049358296603067536,-0.04961723610757307,-0.00025893950450553427
1.5609348914858097,0.0725070816811387,0.2398132592055261,0.0488482148865931,-0.04910325574483032,-0.0002550408582372224
1.5692821368948247,0.07209933364368801,0.24026448681178522,0.04834577691310875,-0.048596995899851336,-0.0002512189867425879
1.5776293823038396,0.0716957795793048,0.24071443592752192,0.04785083286298886,-0.04809830488804945,-0.00024747202506059107
1.5859766277128546,0.07129635693437167,0.24116311619781403,0.0473632365389164,-0.04760703470095251,-0.00024379816203611016
1.5943238731218696,0.07090100437561611,0.2416105371498257,0.04688284526186044,-0.04712304090038799,-0.00024019563852754888
1.6026711185308846,0.07050966176074248,0.2420567081947968,0.04640951977050896,-0.046646182516184354,-0.00023666274567539503
1.6110183639398998,0.07012227010990352,0.2425016386299894,0.045943124124027034,-0.04617632194726706,-0.0002331978232400292
1.6193656093489148,0.06973877157798343,0.242945337640593,0.04548352560801545,-0.04571332486602131,-0.00022979925800586248
1.6277128547579298,0.0693591094276661,0.24338781430158876,0.04503059464355037,-0.0452570601257829,-0.00022646548223252683
1.6360601001669448,0.06898322800326251,0.24382907757957456,0.044584204699189584,-0.04480739967137026,-0.00022319497218067919
1.6444073455759598,0.06861107270527261,0.24426913633455155,0.04414423220583539,-0.044364218452512816,-0.0002199862466774269
1.6527545909849748,0.06824258996565796,0.24470799932167314,0.04371055647434911,-0.0439273943400913,-0.00021683786574218378
1.66110183639399,0.06787772722380196,0.24514567519295738,0.04328305961581632,-0.043496808045081714,-0.00021374842926539378
1.669449081803005,0.06751643290313572,0.24558217249896386,0.04286162646436582,-0.043072343040091,-0.00021071657572517555
1.67779632721202,0.06715865638840812,0.24601749969043593,0.042446144502449885,-0.04265388548340798,-0.0002077409809580974
1.686143572621035,0.06680434800357966,0.24645166511990876,0.04203650378849654,-0.042241324145473325,-0.00020482035697678286
1.69449081803005,0.0664534589903201,0.2468846770432849,0.041632596886848366,-0.04183455033767203,-0.0002019534508236609
1.702838063439065,0.06610594148709098,0.2473165436213772,0.0412343187999061,-0.041433457843377486,-0.00019913904347138717
1.71118530884808,0.0657617485087946,0.24774727292142065,0.040841566902398034,-0.04103794285115203,-0.0001963759487539976
1.7195325542570952,0.06542083392697158,0.24817687291855345,0.040454240877699874,-0.040647903890048465,-0.00019366301234859107
1.7278797996661102,0.06508315245053001,0.24860535149726828,0.040072242656132295,-0.040263241766916646,-0.00019099911078435117
1.7362270450751252,0.06474865960698967,0.24903271645283456,0.03969547635516667,-0.03988385950564988,-0.00018838315048320953
1.7445742904841401,0.06441731172422534,0.24945897549269203,0.039323848221471856,-0.039509662288319536,-0.0001858140668476796
1.7529215358931551,0.06408906591269385,0.24988413623781688,0.038957266574737914,-0.039140557398105624,-0.00018329082336770997
1.7612687813021701,0.06376388004813009,0.2503082062240607,0.038595641753214685,-0.038776454163977014,-0.00018081241076232935
1.7696160267111851,0.06344171275469758,0.2507311929034629,0.038238886060906065,-0.03841726390706057,-0.00017837784615450797
1.7779632721202003,0.06312252338857983,0.25115310364553767,0.03788691371636276,-0.03806289988863387,-0.00017598617227111008
1.7863105175292153,0.06280627202199918,0.2515739457385355,0.037539640803018505,-0.037713277259690425,-0.00017363645667192035
1.7946577629382303,0.06249291942765011,0.2519937263906801,0.037196985221017206,-0.03736831301201793,-0.00017132779100072215
1.8030050083472453,0.06218242706353477,0.2524124527313818,0.03685886664047996,-0.03702792593074866,-0.0001690592902687041
1.8113522537562603,0.06187475705818853,0.25283013181242686,0.0365252064561633,-0.03669203654832165,-0.00016683009215835015
1.8196994991652753,0.061569872196284,0.25324677060914436,0.03619592774346156,-0.03636056709981217,-0.0001646393563506099
1.8280467445742905,0.061267735904602355,0.25366237602155073,0.035870955215708114,-0.036033441479584205,-0.000162486263876091
1.8363939899833055,0.06096831223836105,0.25407695487547227,0.035550215182732166,-0.035710585199220546,-0.00016037001648838006
1.8447412353923205,0.060671565867887495,0.25449051392364636,0.03523363551062897,-0.035391925346680786,-0.000158289836051817
1.8530884808013355,0.06037746206562849,0.2549030598468022,0.034921145582703185,-0.03507739054666592,-0.00015624496396273585
1.8614357262103505,0.060085966693485725,0.25531459925472083,0.03461267626154678,-0.034766910922124694,-0.0001542346605779149
1.8697829716193655,0.05979704619046781,0.25572513868727514,0.03430815985221376,-0.03446041805688038,-0.00015225820466661932
1.8781302170283805,0.05951066756064966,0.2561346846154511,0.034007530066455884,-0.034157844959334493,-0.00015031489287860994
1.8864774624373957,0.0592267983614305,0.2565432434423493,0.033710721987984756,-0.033859126027219855,-0.0001484040392350991
1.8948247078464107,0.05894540669208171,0.25695082150416837,0.03341767203872659,-0.033564197013356,-0.00014652497462941394
1.9031719532554257,0.05866646118257648,0.2573574250711702,0.033128317946037746,-0.033272994992382454,-0.00014467704634470863
1.9115191986644406,0.058389930982693024,0.257763060348627,0.0328425987108499,-0.03298545832844413,-0.00014285961759422788
1.9198664440734556,0.05811578575138376,0.2581677334777518,0.0325604545767147,-0.032701526643782675,-0.0001410720670679752
1.9282136894824706,0.057843995646402836,0.25857145053661124,0.03228182699971948,-0.03242114078821734,-0.0001393137884978593
1.9365609348914856,0.05757453131418481,0.2589742175410222,0.03200665861924592,-0.032144242809482915,-0.00013758419023699592
1.9449081803005008,0.0573073638799674,0.25937604044543205,0.0317348932295449,-0.03187077592439502,-0.00013588269485012572
1.9532554257095158,0.057042464938151495,0.25977692514378337,0.03146647575210175,-0.03160068449082365,-0.00013420873872189987
1.9616026711185308,0.05677980654289188,0.26017687747036244,0.031201352208766953,-0.0313339139804345,-0.0001325617716675491
1.9699499165275458,0.05651936119891219,0.2605759032006334,0.030939469695628125,-0.031070410952197314,-0.0001309412565691885
1.9782971619365608,0.056261101852538,0.26097400805205695,0.030680776357600158,-0.030810123026614455,-0.00012934666901429775
1.9866444073455758,0.056005001882942,0.2613711976848948,0.03042522136371111,-0.0305529988606561,-0.00012777749694499116
1.9949916527545908,0.0557510350935955,0.2617674777029999,0.030172754883062203,-0.03029898812338727,-0.00012623324032506877
2.003338898163606,0.05549917570392052,0.26216285365459263,0.02992332806144102,-0.030048041472251263,-0.00012471341081024198
2.011686143572621,0.0552493983411372,0.26255733103302353,0.029676892998567798,-0.02980011053000453,-0.00012321753143673328
2.020033388981636,0.05500167803230108,0.2629509152775226,0.02943340272595538,-0.02955514786226132,-0.00012174513630594172
2.028380634390651,0.054755990196525155,0.2633436117739358,0.029192811185363935,-0.029313106955659585,-0.00012029577029564961
2.036727879799666,0.054512310637381885,0.2637354258554481,0.0289550732078325,-0.029073942196598423,-0.00011886898876592444
2.045075125208681,0.05427061553548011,0.26412636280329527,0.02872014449326957,-0.028837608850550644,-0.00011746435728107393
2.053422370617696,0.054030881441212424,0.2645164278474619,0.02848798159058604,-0.028604063041927308,-0.00011608145134126696
2.061769616026711,0.0537930852676683,0.26490562616736885,0.02825854187835393,-0.028373261734469857,-0.00011471985611592739
2.070116861435726,0.053557204283708755,0.26529396289254803,0.02803178354597535,-0.02814516271216494,-0.00011337916618959012
2.078464106844741,0.05332321610719811,0.2656814431033062,0.027807665575346106,-0.02791972456065972,-0.00011205898531361363
2.0868113522537564,0.05309109869838888,0.26606807183137726,0.027586147722999506,-0.027696906649172792,-0.00011075892617328637
2.0951585976627713,0.05286083035345566,0.26645385406056366,0.02736719050271588,-0.027476669112858065,-0.00010947861014218643
2.1035058430717863,0.05263238969817422,0.2668387947273668,0.02715075516858412,-0.027258972835650486,-0.00010821766706636468
2.1118530884808013,0.05240575568174197,0.2672228987216075,0.02693680369850184,-0.02704377943354297,-0.00010697573504113086
2.1202003338898163,0.05218090757073611,0.2676061708870349,0.026725298778101318,-0.02683105123830165,-0.00010575246020033333
2.1285475792988313,0.05195782494320605,0.26798861602192675,0.026516203785088767,-0.026620751281595023,-0.00010454749650625622
2.1368948247078463,0.05173648768289646,0.26837023887967837,0.02630948277398472,-0.026412843279536524,-0.00010336050555180554
2.1452420701168613,0.051516875973597755,0.2687510441693829,0.02610510046125406,-0.0262072916176197,-0.00010219115636564066
2.1535893155258763,0.051298970293620676,0.26913103655640125,0.025903022210814267,-0.02600406133603439,-0.00010103912522012315
2.1619365609348913,0.05108275141039184,0.26951022066292324,0.025703214019910995,-0.025803118115363066,-9.990409545207121e-05
2.1702838063439063,0.050868200375167205,0.26988860106851914,0.02550564250535045,-0.025604428262631096,-9.878575728064498e-05
2.1786310517529213,0.05065529851786044,0.2702661823106828,0.02531027489007822,-0.02540795869771406,-9.768380763584134e-05
2.1869782971619363,0.05044402744198333,0.27064296888536515,0.025117078990094802,-0.025213676940085694,-9.659794999089186e-05
2.1953255425709517,0.05023436901969539,0.27101896524749985,0.024926023201698184,-0.025021551095896655,-9.552789419847024e-05
2.2036727879799667,0.05002630538696001,0.27139417581152014,0.02473707648904406,-0.02483154984537128,-9.447335632722237e-05
2.2120200333889817,0.04981981893880438,0.2717686049518672,0.02455020837201499,-0.024643642430529855,-9.343405851486644e-05
2.2203672787979967,0.04961489232468072,0.27214225700349076,0.024365388914389483,-0.024457798643202633,-9.240972881315035e-05
2.2287145242070117,0.049411508443926215,0.27251513626234136,0.0241825887123028,-0.024273988813346303,-9.140010104350185e-05
2.2370617696160267,0.04920965044131935,0.27288724698585515,0.024001778882991237,-0.024092183797646882,-9.040491465564515e-05
2.2454090150250416,0.04900930170273011,0.27325859339343084,0.023822931053811877,-0.023912354968401495,-8.942391458961751e-05
2.2537562604340566,0.048810445850861896,0.2736291796668989,0.023646017351530407,-0.023734474202671052,-8.845685114064472e-05
2.2621035058430716,0.048613066741082844,0.27399900995098386,0.023471010391869294,-0.023558513871699827,-8.750347983053214e-05
2.2704507512520866,0.04841714845734437,0.2743680883537588,0.02329788326930931,-0.02338444683058949,-8.656356128017989e-05
2.2787979966611016,0.04822267530818486,0.27473641894709333,0.02312660954713737,-0.02321224640822317,-8.563686108579993e-05
2.2871452420701166,0.048029631822816436,0.27510400576709415,0.02295716324773392,-0.02304188639743554,-8.472314970162098e-05
2.2954924874791316,0.04783800274729278,0.27547085281453904,0.02278951884309335,-0.02287334104541383,-8.382220232048057e-05
2.3038397328881466,0.04764777304075611,0.2758369640553037,0.022623651245571127,-0.022706585044331096,-8.29337987599682e-05
2.312186978297162,0.04745892787176136,0.276202343420783,0.022459535798851328,-0.022541593522210857,-8.205772335952849e-05
2.320534223706177,0.047271452614675795,0.2765669948083043,0.02229714826912883,-0.022378342033989806,-8.119376486097687e-05
2.328881469115192,0.047085332846152184,0.27693092208153597,0.022136464836500204,-0.02221680655281455,-8.034171631434578e-05
2.337228714524207,0.04690055434167389,0.2772941290708884,0.021977462086557768,-0.0220569634615293,-7.950137497153217e-05
2.345575959933222,0.046717103072170064,0.2776566195739098,0.021820117002181318,-0.021898789544369635,-7.867254218831693e-05
2.353923205342237,0.046534965200699434,0.27801839735567563,0.021664406955522342,-0.02174226197885165,-7.785502332930891e-05
2.362270450751252,0.04635412707920092,0.2783794661491719,0.021510309700175458,-0.02158735832784897,-7.704862767351356e-05
2.370617696160267,0.046174575245309636,0.2787398296556735,0.02135780336353222,-0.02143405653185404,-7.625316832182011e-05
2.378964941569282,0.04599629641923675,0.2790994915451158,0.021206866439312435,-0.021282334901422395,-7.546846210996008e-05
2.387312186978297,0.0458192775007116,0.27945845545646164,0.021057477780268286,-0.02113217210979057,-7.469432952228461e-05
2.395659432387312,0.04564350556598482,0.2798167249980621,0.020909616591056744,-0.020983547185662754,-7.393059460601009e-05
2.404006677796327,0.04546896786489086,0.28017430374801255,0.02076326242127587,-0.020836439506166204,-7.3177084890335e-05
2.412353923205342,0.04529565181796869,0.280531195254503,0.020618395158660673,-0.02069082878996742,-7.243363130674668e-05
2.4207011686143574,0.045123545013639306,0.2808874030361633,0.020474995022434484,-0.020546695090547296,-7.170006811281146e-05
2.4290484140233723,0.044952635205438685,0.28124293058240346,0.020333042556811634,-0.02040401878962328,-7.097623281164533e-05
2.4373956594323873,0.04478291030930503,0.2815977813537489,0.020192518624647736,-0.020262780590730056,-7.026196608232033e-05
2.4457429048414023,0.044614358400918985,0.2819519587821707,0.02005340440123357,-0.020122961512941018,-6.955711170744672e-05
2.4540901502504173,0.04444696771309567,0.2823054662714112,0.019915681368229007,-0.019984542884731393,-6.886151650238592e-05
2.4624373956594323,0.04428072663322732,0.2826583071973046,0.019779331307733326,-0.019847506337980825,-6.817503024749913e-05
2.4707846410684473,0.04411562370077545,0.28301048490809344,0.019644336296488464,-0.019711833802110945,-6.749750562248108e-05
2.4791318864774623,0.04395164760481144,0.2833620027247397,0.01951067870021183,-0.01957750749835041,-6.682879813858095e-05
2.4874791318864773,0.04378878718160433,0.28371286394123224,0.019378341168055317,-0.019444509934133603,-6.6168766078286e-05
2.4958263772954923,0.043627031412254956,0.28406307182488943,0.01924730662718741,-0.019312823897621456,-6.551727043404773e-05
2.5041736227045073,0.04346636942037526,0.28441262961665736,0.019117558277495245,-0.019182432452341303,-6.487417484605726e-05
2.5125208681135223,0.04330679046981186,0.28476154053140396,0.018989079586403633,-0.01905331893194928,-6.423934554564831e-05
2.5208681135225373,0.04314828396241283,0.28510980775820904,0.01886185428380799,-0.018925466935105995,-6.36126512980062e-05
2.5292153589315522,0.04299083943583681,0.28545743446065,0.018735866357118543,-0.01879886032046274,-6.299396334419685e-05
2.5375626043405677,0.04283444656140343,0.2858044237770835,0.018611100046412872,-0.01867348320176543,-6.23831553525564e-05
2.5459098497495827,0.04267909514198429,0.28615077882092355,0.01848753983969411,-0.01854931994305309,-6.178010335897849e-05
2.5542570951585977,0.042524775109933424,0.2864965026809151,0.018365170468252284,-0.018426355153973617,-6.118468572133273e-05
2.5626043405676127,0.042371476525056524,0.2868415984214043,0.018243976902126126,-0.018304573685189673,-6.05967830635476e-05
2.5709515859766277,0.042219189572618075,0.2871860690826046,0.01812394434566302,-0.018183960623894713,-6.001627823169417e-05
2.5792988313856426,0.0420679045613855,0.28752991768085956,0.018005058233174488,-0.018064501289418722,-5.9443056244234266e-05
2.5876460767946576,0.041917611921709584,0.28787314720890167,0.017887304224685086,-0.01794618122892988,-5.8877004244794334e-05
2.5959933222036726,0.041768302203640424,0.2882157606361078,0.017770668201772276,-0.017828986213229037,-5.83180114567608e-05
2.6043405676126876,0.04161996607507805,0.28855776090875085,0.01765513626349513,-0.017712902232633887,-5.7765969138756645e-05
2.6126878130217026,0.041472594319957055,0.2888991509502484,0.0175406947224097,-0.01759791549295242,-5.7220770542720095e-05
2.6210350584307176,0.04132617783646449,0.2892399336614074,0.01742733010066896,-0.017484012411538963,-5.668231087000222e-05
2.6293823038397326,0.04118070763529029,0.2895801119206661,0.017315029126205268,-0.017371179613436816,-5.615048723154811e-05
2.6377295492487476,0.04103617483790961,0.28991968858433226,0.01720377872899335,-0.017259403927598616,-5.56251986052643e-05
2.646076794657763,0.04089257067489631,0.2902586664868181,0.017093566037391986,-0.017148672383192842,-5.510634580085591e-05
2.654424040066778,0.040749886484266994,0.2905970484408724,0.016984378374562313,-0.017038972205977387,-5.459383141507429e-05
2.662771285475793,0.040608113709854954,0.2909348372378094,0.01687620325496112,-0.01693029081476194,-5.4087559800818086e-05
2.671118530884808,0.04046724389971337,0.291272035647734,0.01676902838090726,-0.016822615817934317,-5.358743702705768e-05
2.679465776293823,0.040327268704547205,0.29160864641976514,0.0166628416392194,-0.01671593501006363,-5.309337084423091e-05
2.687813021702838,0.04018817987617308,0.2919446722822549,0.016557631097923554,-0.01661023636857184,-5.260527064828574e-05
2.696160267111853,0.04004996926600678,0.29228011594300557,0.016453385003028655,-0.016505508050475903,-5.212304744724866e-05
2.704507512520868,0.03991262882357749,0.29261498008948345,0.016350091775368565,-0.016401738389198783,-5.1646613830218235e-05
2.712854757929883,0.03977615059506857,0.2929492673890299,0.016247740007509035,-0.01629891589143906,-5.117588393002345e-05
2.721202003338898,0.03964052672188402,0.2932829804890694,0.016146318460718085,-0.01619702923411337,-5.0710773395284264e-05
2.729549248747913,0.0395057494392403,0.29361612201731563,0.016045816061998182,-0.01609606726135837,-5.0251199360189236e-05
2.737896494156928,0.03937181107478288,0.2939486945819735,0.01594622190117908,-0.015996018981588644,-4.979708040956515e-05
2.746243739565943,0.03923870404722713,0.2942807007719397,0.01584752522806959,-0.015896873564624325,-4.934833655473661e-05
2.754590984974958,0.039106420865022876,0.2946121431570003,0.015749715449667134,-0.01579862033886803,-4.890488920089586e-05
2.7629382303839733,0.03897495412504235,0.29494302428802543,0.015652782127423697,-0.015701248788545286,-4.846666112158851e-05
2.7712854757929883,0.0388442965112909,0.295273346697162,0.015556714974566828,-0.01560474855099514,-4.803357642831248e-05
2.7796327212020033,0.038714440793640094,0.29560311289802316,0.015461503853474534,-0.015509109414020728,-4.7605560546193706e-05
2.7879799666110183,0.03858537982658271,0.29593232538587627,0.015367138773102695,-0.015414321313288681,-4.7182540185986e-05
2.7963272120200333,0.03845710654800923,0.2962609866378275,0.015273609886463988,-0.01532037432978317,-4.676444331918293e-05
2.8046744574290483,0.03832961397800536,0.2965890991130048,0.015180907488156963,-0.015227258687310563,-4.635119915359989e-05
2.8130217028380633,0.03820289521767016,0.2969166652527381,0.015089022011944252,-0.015134964750050717,-4.594273810646504e-05
2.8213689482470783,0.03807694344795443,0.2972436874807372,0.014997944028378798,-0.015043483020161563,-4.553899178276477e-05
2.8297161936560933,0.037951751928518886,0.2975701682032677,0.014907664242476951,-0.0149528041354281,-4.513989295114838e-05
2.8380634390651083,0.03782731399661173,0.2978961098093245,0.014818173491437438,-0.01486291886695712,-4.474537551968187e-05
2.8464106844741233,0.03770362306596534,0.29822151467080293,0.01472946274240519,-0.014773818116921245,-4.4355374516054716e-05
2.8547579298831383,0.03758067262571154,0.298546385142668,0.014641523090278967,-0.014685492916342469,-4.396982606350193e-05
2.8631051752921532,0.03745845623931522,0.29887072356312144,0.014554345755561854,-0.014597934422919678,-4.358866735782417e-05
2.8714524207011687,0.03733696754352589,0.2991945322537665,0.014467922082253656,-0.014511133918908126,-4.321183665446926e-05
2.8797996661101837,0.03721620024734681,0.299517813519771,0.014382243535784274,-0.01442508280901933,-4.2839273235055486e-05
2.8881469115191987,0.0370961481310214,0.29984056965002776,0.014297301700987142,-0.014339772618385815,-4.24709173986737e-05
2.8964941569282137,0.03697680504503653,0.30016280291731373,0.014213088280111846,-0.014255194990549391,-4.2106710437545686e-05
2.9048414023372287,0.03685816490914244,0.3004845155784467,0.014129595090875094,-0.014171341685493388,-4.174659461829433e-05
2.9131886477462436,0.036740221711388896,0.30080570987444005,0.014046814064549147,-0.014088204577712204,-4.139051316305771e-05
2.9215358931552586,0.0366229695071773,0.301126388030656,0.01396473724408692,-0.014005775654318153,-4.103841023123285e-05
2.9298831385642736,0.03650640241832849,0.3014465522569563,0.013883356782282977,-0.01392404701318517,-4.0690230902192676e-05
2.9382303839732886,0.03639051463216586,0.3017662047478518,0.01380266493996957,-0.013843010861126714,-4.034592115714428e-05
2.9465776293823036,0.036275300400613525,0.30208534768264944,0.013722654084247044,-0.01376265951210831,-4.000542786126646e-05
2.9549248747913186,0.036160754039309295,0.30240398322559825,0.01364331668674781,-0.013682985385497393,-3.966869874958215e-05
2.9632721202003336,0.0360468699267321,0.3027221135260328,0.013564645321933168,-0.013603981004340238,-3.9335682407069805e-05
2.9716193656093486,0.03593364250334368,0.3030397407185154,0.013486632665422328,-0.013525638993677536,-3.9006328255207154e-05
2.9799666110183636,0.03582106627074416,0.3033568669229764,0.013409271492352832,-0.013447952078887049,-3.86805865342163e-05
2.988313856427379,0.03570913579084138,0.30367349424485296,0.013332554675771819,-0.013370913084062241,-3.8358408290422794e-05
2.996661101836394,0.0355978456850336,0.3039896247752255,0.013256475185057395,-0.013294514930414447,-3.803974535705225e-05
3.005008347245409,0.03548719063340541,0.30430526059095364,0.013181026084369525,-0.013218750634713228,-3.77245503437023e-05
3.013355592654424,0.03537716537393655,0.3046204037548094,0.013106200531129736,-0.013143613307749824,-3.741277662008824e-05
3.021702838063439,0.03526776470172345,0.3049350563156096,0.013031991774529152,-0.013069096152829474,-3.7104378300321234e-05
3.030050083472454,0.03515898346821319,0.30524922030834584,0.012958393154064114,-0.01299519246429659,-3.679931023247568e-05
3.038397328881469,0.035050816580449715,0.30556289775431417,0.012885398098098931,-0.012921895626081703,-3.6497527982772004e-05
3.046744574290484,0.03494325900033203,0.3058760906612418,0.012813000122455107,-0.012849199110276821,-3.619898782171449e-05
3.055091819699499,0.03483630574388416,0.30618880102341334,0.012741192829026523,-0.012777096475740546,-3.5903646714022935e-05
3.063439065108514,0.034729951880536694,0.30650103082179525,0.012669969904420042,-0.012705581366723617,-3.561146230357526e-05
3.071786310517529,0.03462419253241966,0.30681278202415857,0.012599325118620972,-0.012634647511520658,-3.5322392899685834e-05
3.080133555926544,0.034519022873666566,0.3071240565852004,0.012529252323682932,-0.012564288721151673,-3.5036397468740654e-05
3.088480801335559,0.034414438129729316,0.3074348564466642,0.012459745452441509,-0.012494498888061312,-3.47534356198026e-05
3.0968280467445743,0.03431043357670393,0.3077451835374581,0.012390798517251334,-0.012425271984845665,-3.447346759433145e-05
3.1051752921535893,0.034207004540666774,0.30805503977377247,0.012322405608746015,-0.0123566020629986,-3.4196454252585426e-05
3.1135225375626043,0.03410414639702115,0.3083644270591957,0.012254560894620483,-0.012288483251683413,-3.3922357062930036e-05
3.1218697829716193,0.03400185456985403,0.3086733472848287,0.012187258618435292,-0.012220909756528009,-3.365113809271694e-05
3.1302170283806343,0.03390012453130282,0.3089818023293981,0.012120493098442408,-0.012153875858438745,-3.33827599963369e-05
3.1385642737896493,0.03379895180093185,0.30928979405936835,0.012054258726432066,-0.012087375912436915,-3.3117186004849586e-05
3.1469115191986643,0.03369833194511856,0.3095973243290522,0.011988549966600249,-0.012021404346516551,-3.285437991630211e-05
3.1552587646076793,0.03359826057644911,0.3099043949807199,0.01192336135443641,-0.011955955660518214,-3.259430608180437e-05
3.1636060100166943,0.03349873335312326,0.31021100784470784,0.011858687495630935,-0.011891024425033425,-3.233692940248986e-05
3.1719532554257093,0.033399745978368416,0.3105171647395247,0.011794523065002085,-0.01182660528031687,-3.208221531478608e-05
3.1803005008347243,0.03330129419986255,0.3108228674719575,0.011730862805441862,-0.011762692935222141,-3.183012978027859e-05
3.1886477462437393,0.03320337380916604,0.311128117837176,0.01166770152688059,-0.011699282166161451,-3.158063928086069e-05
3.1969949916527542,0.033105980641162026,0.31143291761883596,0.011605034105269668,-0.011636367816075577,-3.133371080590863e-05
3.2053422370617692,0.03300911057350535,0.3117372685891811,0.011542855481582267,-0.011573944793425994,-3.108931184372769e-05
3.2136894824707847,0.032912759526079784,0.3120411725091441,0.01148116066083153,-0.011512008071207225,-3.084741037569401e-05
3.2220367278797997,0.03281692346046349,0.3123446311284463,0.011419944711105964,-0.011450552685968951,-3.0607974862987414e-05
3.2303839732888147,0.03272159837940251,0.3126476461856966,0.011359202762621647,-0.011389573736864111,-3.037097424246453e-05
3.2387312186978297,0.03262678032629214,0.3129502194084887,0.011298930006790983,-0.011329066384706543,-3.013637791556001e-05
3.2470784641068446,0.03253246538466617,0.3132523525134978,0.011239121695307587,-0.011269025851049497,-2.9904155741909688e-05
3.2554257095158596,0.03243864967769365,0.31355404720657587,0.011179773139247064,-0.011209447417277252,-2.967427803018778e-05
3.2637729549248746,0.032345329367683244,0.3138553051828459,0.011120879708183314,-0.011150326423715162,-2.9446715531847995e-05
3.2721202003338896,0.0322525006555949,0.3141561281267955,0.011062436829320075,-0.011091658268751914,-2.922143943183929e-05
3.2804674457429046,0.03216015978055884,0.31445651771236877,0.011004439986637438,-0.01103343840797888,-2.899842134144147e-05
3.2888146911519196,0.0320683030194016,0.3147564756030576,0.010946884720052976,-0.010975662353345461,-2.877763329248509e-05
3.2971619365609346,0.031976926686179116,0.3150560034519921,0.010889766624597253,-0.010918325672325091,-2.8559047727838224e-05
3.3055091819699496,0.031886027131716704,0.3153551029020296,0.010833081349603415,-0.010861423987100327,-2.8342637496911807e-05
3.3138564273789646,0.03179560074315574,0.3156537755858429,0.010776824597910595,-0.01080495297375661,-2.812837584601456e-05
3.32220367278798,0.03170564394350707,0.31595202312600773,0.010720992125080854,-0.01074890836149578,-2.791623641492519e-05
3.330550918196995,0.0316161531912109,0.3162498471350888,0.01066557973862942,-0.010693285931855367,-2.7706193225948e-05
3.33889816360601,0.03152712497970314,0.3165472492157254,0.01061058329726792,-0.010638081517948983,-2.7498220681062766e-05
3.347245409015025,0.03143855583698805,0.3168442309607158,0.010555998710160431,-0.010583291003714246,-2.7292293553814878e-05
3.35559265442404,0.031350442325217096,0.31714079395310063,0.010501821936192032,-0.010528910323176044,-2.7088386984012308e-05
3.363939899833055,0.031262781040273926,0.3174369397662457,0.010448048983249638,-0.010474935459720669,-2.6886476471031304e-05
3.37228714524207,0.03117556861136533,0.3177326699639238,0.010394675907514911,-0.010421362445382165,-2.668653786725393e-05
3.380634390651085,0.03108880170061813,0.3180279861003951,0.010341698812769015,-0.010368187360141778,-2.6488547372763294e-05
3.3889816360601,0.031002477002681827,0.31832288972048783,0.010289113849708898,-0.010315406331238952,-2.6292481530054354e-05
3.397328881469115,0.030916591244337013,0.31861738235967674,0.010236917215275053,-0.010263015532492092,-2.6098317217039535e-05
3.40567612687813,0.030831141184109342,0.3189114655441618,0.010185105151990354,-0.010211011183632879,-2.5906031642524557e-05
3.414023372287145,0.030746123611889054,0.3192051407909456,0.010133673947309914,-0.010159389549650122,-2.5715602340208032e-05
3.42237061769616,0.030661535348555917,0.31949840960790965,0.010082619932981662,-0.01010814694014539,-2.5527007163728826e-05
3.4307178631051753,0.030577373245609493,0.3197912734938908,0.010031939484417454,-0.010057279708699518,-2.534022428206384e-05
3.4390651085141903,0.030493634184804674,0.3200837339387555,0.00998162902007457,-0.010006784252245993,-2.5155232171423375e-05
3.4474123539232053,0.030410315077792367,0.3203757924234747,0.009931685000847325,-0.009956657010461,-2.4972009613676016e-05
3.4557595993322203,0.03032741286576526,0.3206674504201967,0.009882103929468686,-0.009906894465158134,-2.479053568944789e-05
3.4641068447412353,0.030244924519108592,0.3209587093923202,0.009832882349921633,-0.009857493139695306,-2.4610789773673106e-05
3.4724540901502503,0.030162847037055823,0.32124957079456606,0.009784016846860139,-0.009808449598391,-2.4432751530861427e-05
3.4808013355592653,0.030081177447349144,0.32154003607304843,0.00973550404503957,-0.009759760445949617,-2.4256400910046758e-05
3.4891485809682803,0.029999912805904742,0.3218301066653451,0.00968734060875632,-0.009711422326897923,-2.408171814160219e-05
3.4974958263772953,0.029919050196482735,0.3221197840005673,0.009639523241296535,-0.009663431925026611,-2.3908683730075597e-05
3.5058430717863103,0.02983858673036173,0.32240906949942844,0.00959204868439374,-0.00961578596284518,-2.3737278451440094e-05
3.5141903171953253,0.029758519546017874,0.3226979645743125,0.0095449137176952,-0.009568481201044587,-2.3567483349386936e-05
3.5225375626043403,0.029678845808808398,0.3229864706293413,0.009498115158236899,-0.009521514437966117,-2.3399279729217556e-05
3.5308848080133552,0.02959956271065951,0.3232745890604419,0.009451649859926895,-0.009474882509081795,-2.323264915489974e-05
3.5392320534223702,0.029520667469758618,0.32356232125541173,0.009405514713037005,-0.009428582286481468,-2.3067573444463668e-05
3.5475792988313857,0.029442157330250796,0.32384966859398506,0.009359706643702564,-0.009382610678369874,-2.2904034667309628e-05
3.5559265442404007,0.029364029561939422,0.32413663244789714,0.009314222613430201,-0.00933696462856659,-2.2742015136389612e-05
3.5642737896494157,0.02928628145999092,0.32442321418094855,0.009269059618613422,-0.009291641116021987,-2.2581497408564674e-05
3.5726210350584306,0.029208910344643565,0.32470941514906854,0.009224214690055877,-0.009246637154334714,-2.242246427883697e-05
3.5809682804674456,0.029131913560920226,0.3249952367003779,0.0091796848925022,-0.009201949791279196,-2.2264898776996542e-05
3.5893155258764606,0.02905528847834508,0.3252806801752511,0.009135467324176258,-0.009157576108339338,-2.2108784163079806e-05
3.5976627712854756,0.028979032490664143,0.3255657469063779,0.009091559116326668,-0.009113513220251557,-2.1954103924888904e-05
3.6060100166944906,0.028903143015569597,0.32585043821882415,0.009047957432779473,-0.00906975827455292,-2.1800841773446725e-05
3.6143572621035056,0.028827617494427867,0.3261347554300921,0.009004659469497845,-0.00902630845113861,-2.1648981640764314e-05
3.6227045075125206,0.028752453392011358,0.3264186998501802,0.008961662454148688,-0.008983160961823167,-2.1498507674478848e-05
3.6310517529215356,0.028677648196233824,0.32670227278164204,0.008918963645675997,-0.008940313049912163,-2.1349404236165742e-05
3.6393989983305506,0.028603199417889285,0.32698547551964496,0.008876560333880906,-0.008897761989778541,-2.120165589763502e-05
3.6477462437395656,0.02852910459039445,0.32726830935202783,0.008834449839008239,-0.008855505086444282,-2.1055247436042868e-05
3.656093489148581,0.028455361269534615,0.3275507755593585,0.008792629511339497,-0.008813539675174065,-2.091016383456816e-05
3.664440734557596,0.028381967033212916,0.3278328754149906,0.00875109673079215,-0.008771863121065815,-2.0766390273664267e-05
3.672787979966611,0.028308919481202965,0.32811461018511945,0.008709848906525142,-0.008730472818658797,-2.0623912133654193e-05
3.681135225375626,0.028236216234904757,0.32839598112883794,0.008668883476550445,-0.008689366191537928,-2.04827149874829e-05
3.689482470784641,0.028163854937103834,0.3286769894981917,0.008628197907350631,-0.008648540691950535,-2.0342784599903727e-05
3.697829716193656,0.028091833251733627,0.3289576365382332,0.00858778969350231,-0.00860799380042665,-2.020410692434027e-05
3.706176961602671,0.028020148863640952,0.32923792348707626,0.008547656357305323,-0.008567723025403984,-2.0066668098660603e-05
3.714524207011686,0.0279487994783546,0.32951785157594926,0.00850779544841764,-0.00852772590286155,-1.9930454443909187e-05
3.722871452420701,0.027877782821856954,0.32979742202924806,0.008468204543495804,-0.00848799999595684,-1.9795452461036922e-05
3.731218697829716,0.02780709664035866,0.33007663606458837,0.008428881245840868,-0.008448542894668343,-1.9661648827475064e-05
3.739565943238731,0.02773673870007618,0.3303554948928579,0.008389823185049706,-0.008409352215445365,-1.952903039565898e-05
3.747913188647746,0.027666706787012326,0.3306339997182676,0.008351028016671626,-0.008370425600860765,-1.9397584189138894e-05
3.756260434056761,0.02759699870673961,0.3309121517384025,0.008312493421870161,-0.008331760719270775,-1.9267297400614447e-05
3.764607679465776,0.027527612284186435,0.33118995214427216,0.008274217107089995,-0.008293355264479718,-1.9138157389722923e-05
3.7729549248747913,0.027458545363426085,0.33146740212036074,0.008236196803728883,-0.008255206955409378,-1.9010151680494414e-05
3.7813021702838063,0.027389795807468417,0.3317445028446762,0.00819843026781453,-0.008217313535771709,-1.8883267957178068e-05
3.7896494156928213,0.02732136149805427,0.33202125548879935,0.008160915279686303,-0.008179672773750424,-1.8757494064120667e-05
3.7979966611018363,0.02725324033545255,0.3322976612179324,0.008123649643681723,-0.008142282461683914,-1.8632818002191354e-05
3.8063439065108513,0.02718543023825988,0.3325737211909469,0.00808663118782763,-0.00810514041575483,-1.850922792719957e-05
3.8146911519198663,0.02711792914320289,0.3328494365604313,0.008049857763535978,-0.008068244475681885,-1.8386712145906925e-05
3.8230383973288813,0.02705073500494299,0.333124808472738,0.008013327245304135,-0.008031592504420093,-1.8265259115957805e-05
3.8313856427378963,0.026983845795883688,0.33339983806803014,0.007977037530419643,-0.007995182387861899,-1.8144857442255538e-05
3.8397328881469113,0.026917259505980354,0.33367452648032764,0.007940986538669365,-0.007959012034544521,-1.8025495875156547e-05
3.8480801335559263,0.026850974142552397,0.33394887483755314,0.007905172212052924,-0.007923079375361075,-1.7907163308151022e-05
3.8564273789649413,0.026784987730097864,0.3342228842615771,0.007869592514500375,-0.007887382363276574,-1.7789848776199324e-05
3.8647746243739562,0.02671929831011038,0.334496555868263,0.007834245431594037,-0.007851918973047267,-1.767354145323051e-05
3.8731218697829712,0.02665390394089841,0.3347698907675114,0.007799128970294427,-0.00781668720094375,-1.755823064932341e-05
3.8814691151919867,0.026588802697406804,0.33504289006330445,0.007764241158670193,-0.007781685064482513,-1.7443905812319915e-05
3.8898163606010017,0.026523992671040608,0.3353155548537492,0.007729580045632022,-0.007746910602151047,-1.7330556519024737e-05
3.8981636060100167,0.026459471969491093,0.335587886231121,0.007695143700670427,-0.007712361873151163,-1.721817248073656e-05
3.9065108514190316,0.026395238716563962,0.3358598852819062,0.007660930213597357,-0.007678036957133871,-1.7106743536514715e-05
3.9148580968280466,0.026331291052009726,0.33613155308684467,0.007626937694291578,-0.007643933953944693,-1.6996259653115006e-05
3.9232053422370616,0.026267627131356205,0.33640289072097174,0.007593164272447744,-0.007610050983369865,-1.6886710922120463e-05
3.9315525876460766,0.02620424512574312,0.33667389925366,0.007559608097329106,-0.007576386184888317,-1.677808755921103e-05
3.9398998330550916,0.026141143221758735,0.33694457974866016,0.0075262673375238055,-0.007542937717426534,-1.6670379902728946e-05
3.9482470784641066,0.02607831962127857,0.3372149332641425,0.007493140180704671,-0.007509703759114528,-1.656357840985629e-05
3.9565943238731216,0.026015772541306076,0.33748496085273677,0.007460224833392497,-0.007476682507048693,-1.6457673656196034e-05
3.9649415692821366,0.02595350021381532,0.33775466356157274,0.007427519520722714,-0.007443872177057553,-1.6352656334839635e-05
3.9732888146911516,0.025891500885595598,0.33802404243231954,0.007395022486215406,-0.007411271003469055,-1.624851725364959e-05
3.9816360601001666,0.025829772818097972,0.3382930985012254,0.0073627319915486305,-0.007378877238882087,-1.6145247333456195e-05
3.9899833055091816,0.02576831428728371,0.33856183279915647,0.007330646316334972,-0.0073466891539413215,-1.6042837606349697e-05
3.998330550918197,0.025707123583474573,0.3388302463516355,0.007298763757901284,-0.007314705037118063,-1.5941279216779257e-05
4.006677796327212,0.025646199011204945,0.33909834017888,0.00726708263107157,-0.007282923194486646,-1.5840563415075483e-05
4.0150250417362265,0.0255855388890758,0.33936611529584054,0.007235601267952952,-0.007251341949512158,-1.5740681559205973e-05
4.023372287145242,0.025525141549610417,0.339633572712238,0.007204318017724664,-0.007219959642838836,-1.564162511417163e-05
4.0317195325542565,0.02546500533911188,0.339900713432601,0.007173231246430038,-0.007188774632077344,-1.5543385647305563e-05
4.040066777963272,0.025405128617522314,0.34016753845630265,0.007142339336771441,-0.007157785291600716,-1.544595482927489e-05
4.0484140233722865,0.02534550975828382,0.34043404877759753,0.007111640687908073,-0.007126990012339629,-1.5349324431555844e-05
4.056761268781302,0.025286147148201116,0.34070024538565735,0.007081133715256651,-0.0070963872015819,-1.5253486325248963e-05
4.065108514190317,0.02522703918730582,0.3409661292646075,0.00705081685029484,-0.007065975282775749,-1.5158432480909083e-05
4.073455759599332,0.02516818428872239,0.34123170139356207,0.007020688540367498,-0.007035752695331299,-1.5064154963800869e-05
4.081803005008347,0.02510958087853568,0.3414969627466597,0.006990747248495583,-0.007005717894431607,-1.4970645936023853e-05
4.090150250417362,0.02505122739566009,0.341761914293098,0.00696099145318775,-0.0069758693508417124,-1.4877897653962392e-05
4.098497495826377,0.024993122291710277,0.34202655699716855,0.006931419648254579,-0.0069462055507212295,-1.4785902466650687e-05
4.106844741235392,0.024935264030873427,0.3422908918182912,0.00690203034262536,-0.006916724995440049,-1.4694652814688583e-05
4.115191986644407,0.024877651089783067,0.342554919711048,0.00687282206016746,-0.006887426201396263,-1.4604141228802617e-05
4.123539232053422,0.024820281957394358,0.3428186416252169,0.006843793339508154,-0.00685830769983764,-1.451436032948606e-05
4.131886477462437,0.024763155134860902,0.3430820585058054,0.0068149427338589415,-0.0068293680366837695,-1.4425302824827915e-05
4.140233722871452,0.024706269135412996,0.3433451712930835,0.006786268810842286,-0.006800605772350643,-1.433696150835665e-05
4.148580968280467,0.02464962248423735,0.3436079809226166,0.006757770152320734,-0.006772019481581681,-1.4249329260947532e-05
4.156928213689482,0.024593213718358212,0.34387048832529776,0.006729445354228393,-0.006743607753274539,-1.4162399046145809e-05
4.165275459098497,0.024537041386519912,0.3441326944273807,0.0067012930264047045,-0.006715369190316123,-1.4076163911418312e-05
4.173622704507513,0.024481104049070793,0.34439460015051093,0.006673311792430515,-0.006687302409417617,-1.3990616987102217e-05
4.181969949916527,0.0244254002778485,0.34465620641175804,0.006645500289466369,-0.006659406040948612,-1.390575148224344e-05
4.190317195325543,0.024369928656066644,0.34491751412364674,0.006617857168093025,-0.0066316787287796775,-1.3821560686652287e-05
4.198664440734557,0.024314687778202764,0.3451785241941884,0.006590381092154131,-0.006604119130123376,-1.3738037969245054e-05
4.207011686143573,0.024259676249887622,0.34543923752691147,0.006563070738601038,-0.0065767259153775015,-1.3655176776463697e-05
4.215358931552587,0.024204892687795795,0.34569965502089234,0.006535924797339732,-0.006549497767970314,-1.3572970630581875e-05
4.223706176961603,0.024150335719537532,0.3459597775707857,0.006508941971079821,-0.006522433384209769,-1.3491413129948678e-05
4.232053422370617,0.02409600398355189,0.3462196060668546,0.0064821209751855765,-0.006495531473132976,-1.3410497947399617e-05
4.240400667779633,0.02404189612900109,0.346479141395,0.006455460537528978,-0.006468790756357201,-1.3330218828223536e-05
4.248747913188647,0.023988010815666126,0.3467383844367908,0.00642895939834474,-0.006442209967936874,-1.3250569592134116e-05
4.257095158597663,0.02393434671384355,0.3469973360694925,0.006402616310087278,-0.006415787854215704,-1.3171544128426534e-05
4.265442404006677,0.02388090250424349,0.34725599716609706,0.006376430037289604,-0.0063895231736881275,-1.3093136398523164e-05
4.273789649415693,0.02382767687788882,0.34751436859535084,0.006350399356424113,-0.0063634146968563066,-1.3015340432193621e-05
4.282136894824708,0.023774668536015498,0.34777245122178385,0.006324523055765211,-0.0063374612060946856,-1.2938150329474228e-05
4.290484140233723,0.023721876189974053,0.34803024590573756,0.0062987999352538,-0.006311661495509435,-1.2861560255635583e-05
4.298831385642738,0.0236692985611322,0.3482877535033932,0.0062732288063635545,-0.006286014370808779,-1.2785564445224468e-05
4.307178631051753,0.02361693438077858,0.34854497486679953,0.006247808491968971,-0.0062605186491662135,-1.271015719724218e-05
4.315525876460768,0.02356478239002759,0.34880191084390044,0.006222537826215178,-0.006235173159091945,-1.2635332876766506e-05
4.323873121869783,0.023512841339725293,0.34905856227856225,0.006197415654389464,-0.006209976740302325,-1.256108591286137e-05
4.332220367278798,0.023461109990356433,0.3493149300106008,0.006172440832794506,-0.00618492824359218,-1.2487410797674785e-05
4.3405676126878125,0.02340958711195247,0.3495710148758086,0.006147612228623262,-0.006160026530708906,-1.2414302085644348e-05
4.348914858096828,0.02335827148400069,0.349826817705981,0.006122928719835534,-0.0061352704742292374,-1.234175439370367e-05
4.3572621035058425,0.02330716189535432,0.35008233932894306,0.006098389195036121,-0.00611065895743601,-1.2269762399889396e-05
4.365609348914858,0.023256257144143665,0.3503375805685755,0.006073992553354595,-0.006086190874195374,-1.2198320840779014e-05
4.3739565943238725,0.023205556037688285,0.3505925422448408,0.006049737704326647,-0.00606186512884066,-1.212742451401315e-05
4.382303839732888,0.0231550573924101,0.350847225173809,0.00602562356777697,-0.006037680636051368,-1.2057068274397634e-05
4.390651085141903,0.02310476003374752,0.3511016301676832,0.006001649073703691,-0.006013636320740368,-1.1987247036676467e-05
4.398998330550918,0.02305466279607053,0.35135575803482477,0.005977813162164298,-0.005989731117933994,-1.1917955769696204e-05
4.407345575959933,0.023004764522596702,0.3516096095797787,0.005954114783163041,-0.00596596397266369,-1.1849189500649088e-05
4.415692821368948,0.022955064065308197,0.35186318560329854,0.005930552896539816,-0.0059423338398514325,-1.1780943311616617e-05
4.424040066777963,0.022905560284869633,0.35211648690237074,0.005907126471860466,-0.005918839684200261,-1.1713212339795054e-05
4.432387312186978,0.022856252050546925,0.3523695142702396,0.005883834488308514,-0.005895480480084592,-1.1645991776077294e-05
4.440734557595993,0.02280713824012699,0.35262226849643125,0.0058606759345782985,-0.005872255211443411,-1.157927686511271e-05
4.449081803005008,0.022758217739838354,0.352874750366778,0.00583764980876946,-0.005849162871673919,-1.1513062904458873e-05
4.457429048414023,0.022709489444272667,0.35312696066344207,0.005814755118282817,-0.0058262024635262755,-1.144734524345832e-05
4.465776293823038,0.022660952256307033,0.3533789001649392,0.005791990879717562,-0.005803372999000134,-1.1382119282571553e-05
4.474123539232053,0.022612605087027254,0.3536305696461626,0.005769356118769772,-0.005780673499243605,-1.1317380473833266e-05
4.482470784641068,0.02256444685565188,0.3538819698784056,0.005746849870132222,-0.00575810299445112,-1.1253124318897322e-05
4.490818030050083,0.02251647648945712,0.3541331016293854,0.005724471177395485,-0.005735660523763508,-1.1189346368023663e-05
4.499165275459099,0.022468692923702568,0.3543839656632656,0.005702219092950279,-0.005713345135172965,-1.1126042222685609e-05
4.507512520868113,0.02242109510155774,0.35463456274067906,0.0056800926778910734,-0.0056911558854206845,-1.1063207529611076e-05
4.515859766277129,0.022373681974029433,0.35488489361875075,0.005658091001920892,-0.005669091839906049,-1.1000837985156685e-05
4.524207011686143,0.02232645249988986,0.3551349590511194,0.0056362131432573645,-0.0056471520725891455,-1.0938929331781068e-05
4.532554257095159,0.022279405645605575,0.3553847597879606,0.005614458188539928,-0.005625335665898623,-1.087747735869539e-05
4.540901502504173,0.022232540385267178,0.35563429657600804,0.005592825232738218,-0.005603641710639096,-1.0816477900878023e-05
4.549248747913189,0.022185855700519782,0.3558835701585758,0.00557131337906162,-0.005582069305900106,-1.0755926838485613e-05
4.557595993322203,0.022139350580494224,0.3561325812755799,0.005549921738869954,-0.0055606175589657525,-1.0695820095798364e-05
4.565943238731219,0.02209302402173905,0.35638133066355965,0.005528649431585276,-0.005539285585227427,-1.0636153642150717e-05
4.574290484140233,0.022046875028153196,0.3566298190556992,0.005507495584604789,-0.0055180725080949955,-1.057692349020617e-05
4.582637729549249,0.022000902610919432,0.3568780471818484,0.005486459333214866,-0.0054969774589097575,-1.0518125694891287e-05
4.590984974958263,0.021955105788438508,0.3571260157685441,0.005465539820506104,-0.005475999576860513,-1.045975635440878e-05
4.599332220367279,0.021909483586264,0.3573737255390306,0.005444736197289482,-0.005455138008897853,-1.0401811608370948e-05
4.607679465776293,0.021864035037037877,0.3576211772132804,0.005424047622013538,-0.005434391909651559,-1.0344287638020845e-05
4.616026711185309,0.021818759180426747,0.357868371508015,0.005403473260682586,-0.005413760441347781,-1.0287180665194927e-05
4.624373956594324,0.02177365506305878,0.35811530913672457,0.005383012286775949,-0.005393242773729101,-1.0230486953152242e-05
4.632721202003339,0.02172872173846132,0.35836199080968867,0.00536266388116818,-0.005372838083971931,-1.017420280375117e-05
4.641068447412354,0.021683958266999148,0.35860841723399595,0.0053424272320502925,-0.005352545556609023,-1.0118324558730518e-05
4.649415692821369,0.02163936371581342,0.358854589113564,0.005322301534851948,-0.0053323643834510825,-1.0062848599134457e-05
4.657762938230384,0.021594937158761235,0.35910050714915903,0.005302285992164606,-0.005312293763508169,-1.0007771343563052e-05
4.666110183639399,0.021550677676355854,0.3593461720384155,0.0052823798136656195,-0.005292332902915309,-9.953089249689281e-06
4.674457429048414,0.02150658435570756,0.35959158447585526,0.005262582216043271,-0.0052724810148545576,-9.898798811286587e-06
4.6828046744574285,0.021462656290465128,0.35983674515290687,0.005242892422922721,-0.0052527373194830584,-9.844896560337428e-06
4.691151919866444,0.021418892580757926,0.36008165475792475,0.005223309664792859,-0.0052331010438577685,-9.791379064909116e-06
4.6994991652754585,0.02137529233313862,0.36032631397620785,0.0052038331789340635,-0.0052135714218635165,-9.73824292945305e-06
4.707846410684474,0.021331854660526485,0.3605707234900186,0.005184462209346829,-0.005194147694140616,-9.685484793787308e-06
4.7161936560934885,0.021288578682151303,0.36081488397860156,0.005165196006681266,-0.005174829108014256,-9.633101332989953e-06
4.724540901502504,0.02124546352349787,0.3610587961182017,0.005146033828167474,-0.005155614917424112,-9.581089256637497e-06
4.732888146911519,0.021202508316251062,0.3613024605820826,0.005126974937546738,-0.0051365043828570656,-9.529445310327983e-06
4.741235392320534,0.02115971219824149,0.36154587804054517,0.005108018605003566,-0.005117496771275043,-9.478166271476886e-06
4.749582637729549,0.02111707431339171,0.3617890491609451,0.00508916410709856,-0.005098591356051063,-9.42724895250293e-06
4.757929883138564,0.02107459381166301,0.36203197460771114,0.005070410726702088,-0.005079787416900183,-9.376690198095033e-06
4.766277128547579,0.021032269849002725,0.36227465504236256,0.005051757752928751,-0.005061084239815106,-9.326486886354624e-06
4.774624373956594,0.020990101587292136,0.36251709112352704,0.005033204481072656,-0.005042481117000452,-9.276635927796435e-06
4.782971619365609,0.02094808819429487,0.3627592835069579,0.005014750212543453,-0.0050239773468081506,-9.22713426469799e-06
4.791318864774624,0.020906228843605858,0.3630012328455517,0.004996394254803141,-0.005005572233673261,-9.177978870120347e-06
4.799666110183639,0.020864522714600823,0.3632429397893653,0.004978135921303642,-0.004987265088053361,-9.129166749719149e-06
4.808013355592654,0.020822968992386268,0.36348440498563295,0.004959974531425106,-0.004969055226364372,-9.080694939265707e-06
4.816360601001669,0.020781566867749998,0.3637256290787832,0.004941909410414967,-0.004950941970919942,-9.032560504974863e-06
4.824707846410684,0.020740315537112145,0.36396661271045583,0.0049239398893277195,-0.004932924649871273,-8.984760543553558e-06
4.833055091819699,0.02069921420247669,0.3642073565195186,0.004906065304965404,-0.0049150025971462785,-8.937292180874641e-06
4.841402337228715,0.02065826207138349,0.36444786114208344,0.0048882849998188194,-0.004897175152391853,-8.890152573033314e-06
4.849749582637729,0.020617458356860796,0.3646881272115234,0.004870598322009412,-0.004879441660913919,-8.843338904507454e-06
4.858096828046745,0.020576802277378247,0.36492815535848866,0.004853004625231864,-0.004861801473620586,-8.796848388722273e-06
4.866444073455759,0.020536293056800353,0.3651679462109227,0.0048355032686973635,-0.004844253946964638,-8.750678267274888e-06
4.874791318864775,0.02049592992434044,0.36540750039407843,0.004818093617077533,-0.004826798442887803,-8.704825810269996e-06
4.883138564273789,0.020455712114515086,0.3656468185305342,0.004800775040449032,-0.004809434328763462,-8.659288314429893e-06
4.891485809682805,0.020415638867098983,0.36588590124020964,0.004783546914238795,-0.004792160977344029,-8.614063105233383e-06
4.899833055091819,0.020375709427080294,0.36612474914038107,0.004766408619169933,-0.004774977766704325,-8.56914753439176e-06
4.908180300500835,0.020335923044616438,0.3663633628456975,0.004749359541208253,-0.004757884080188957,-8.524538980703156e-06
4.916527545909849,0.020296278974990326,0.3666017429681958,0.004732399071509411,-0.004740879306359025,-8.48023484961366e-06
4.924874791318865,0.02025677647856704,0.3668398901173162,0.004715526606366679,-0.004723962838938167,-8.436232571487796e-06
4.933222036727879,0.02021741482075096,0.36707780489991754,0.004698741547159334,-0.00470713407676282,-8.39252960348636e-06
4.941569282136895,0.020178193271943284,0.36731548792029217,0.004682043300301618,-0.004690392423730261,-8.349123428642684e-06
4.94991652754591,0.02013911110750003,0.3675529397801813,0.0046654312771923405,-0.004673737288747093,-8.306011554752406e-06
4.958263772954925,0.02010016760769041,0.36779016107878953,0.004648904894165011,-0.004657168085678842,-8.263191513831376e-06
4.96661101836394,0.020061362057655643,0.36802715241280004,0.004632463572438596,-0.004640684233301995,-8.220660863398482e-06
4.974958263772955,0.020022693747368175,0.36826391437638895,0.004616106738068816,-0.0046242851552538156,-8.178417184999398e-06
4.98330550918197,0.019984161971591308,0.36850044756123995,0.004599833821900021,-0.004607970279984164,-8.1364580841424e-06
4.991652754590985,0.01994576602983922,0.36873675255655886,0.004583644259517619,-0.004591739040708642,-8.094781191023484e-06
5.0,0.019907505226337406,0.3689728299490879,0.004567537491201039,-0.004583644259517267,-1.6106768316227586e-05
